pdb_id,zinc_site_id,residue_name,residue_seq,chain,distance_to_zinc,pka_value,pka_tier,pka_source,pH_4_0_score,pH_5_0_score,pH_6_0_score,pH_7_0_score,pH_7_4_score,pH_8_0_score,pH_9_0_score,site_stability_7_4,stability_label,weakest_residue,confidence_tier,is_ph_switch,n_coordinating
1CA2,1CA2_ZN_262_A,HIS,96,A,2.1029999256134033,6.0,3,Canonical default (Lehninger),0.0,0.000324,0.110441,0.741539,0.884838,0.969312,0.996875,0.884838,High stability,HIS (pKa=6.0),3,True,4
1CA2,1CA2_ZN_262_A,HIS,119,A,1.909999966621399,6.0,3,Canonical default (Lehninger),0.0,0.000324,0.110441,0.741539,0.884838,0.969312,0.996875,0.884838,High stability,HIS (pKa=6.0),3,True,4
1CA2,1CA2_ZN_262_A,GLU,106,A,4.059999942779541,5.12,2,PROPKA (computational),0.0,0.000324,0.110441,0.741539,0.884838,0.969312,0.996875,0.884838,High stability,HIS (pKa=6.0),3,True,4
1CA2,1CA2_ZN_262_A,HIS,94,A,1.9950000047683716,6.0,3,Canonical default (Lehninger),0.0,0.000324,0.110441,0.741539,0.884838,0.969312,0.996875,0.884838,High stability,HIS (pKa=6.0),3,True,4
1CDO,1CDO_ZN_376_A,CYS,175,A,2.2170000076293945,8.3,3,Canonical default (Lehninger),0.0,0.0,6e-06,0.001758,0.011186,0.108262,0.692944,0.011186,Disrupted,CYS (pKa=8.3),3,False,4
1CDO,1CDO_ZN_376_A,GLU,69,A,4.711999893188477,3.72,2,PROPKA (computational),0.0,0.0,6e-06,0.001758,0.011186,0.108262,0.692944,0.011186,Disrupted,CYS (pKa=8.3),3,False,4
1CDO,1CDO_ZN_376_A,CYS,46,A,2.2739999294281006,8.3,3,Canonical default (Lehninger),0.0,0.0,6e-06,0.001758,0.011186,0.108262,0.692944,0.011186,Disrupted,CYS (pKa=8.3),3,False,4
1CDO,1CDO_ZN_376_A,HIS,68,A,2.2709999084472656,6.47,2,PROPKA (computational),0.0,0.0,6e-06,0.001758,0.011186,0.108262,0.692944,0.011186,Disrupted,CYS (pKa=8.3),3,False,4
1CDO,1CDO_ZN_377_A,CYS,104,A,2.319999933242798,11.32,2,PROPKA (computational),0.0,0.0,0.0,0.0,2e-06,4.4e-05,0.002576,2e-06,Disrupted,CYS (pKa=11.32),2,False,4
1CDO,1CDO_ZN_377_A,CYS,98,A,2.4630000591278076,7.29,2,PROPKA (computational),0.0,0.0,0.0,0.0,2e-06,4.4e-05,0.002576,2e-06,Disrupted,CYS (pKa=11.32),2,False,4
1CDO,1CDO_ZN_377_A,CYS,101,A,2.615000009536743,5.75,2,PROPKA (computational),0.0,0.0,0.0,0.0,2e-06,4.4e-05,0.002576,2e-06,Disrupted,CYS (pKa=11.32),2,False,4
1CDO,1CDO_ZN_377_A,CYS,112,A,2.3540000915527344,8.91,2,PROPKA (computational),0.0,0.0,0.0,0.0,2e-06,4.4e-05,0.002576,2e-06,Disrupted,CYS (pKa=11.32),2,False,4
1CDO,1CDO_ZN_376_B,CYS,175,B,2.194000005722046,8.3,3,Canonical default (Lehninger),0.0,0.0,4e-06,0.001493,0.010339,0.105897,0.69136,0.010339,Disrupted,CYS (pKa=8.3),3,False,4
1CDO,1CDO_ZN_376_B,GLU,69,B,4.468999862670898,3.87,2,PROPKA (computational),0.0,0.0,4e-06,0.001493,0.010339,0.105897,0.69136,0.010339,Disrupted,CYS (pKa=8.3),3,False,4
1CDO,1CDO_ZN_376_B,HIS,68,B,2.0290000438690186,6.72,2,PROPKA (computational),0.0,0.0,4e-06,0.001493,0.010339,0.105897,0.69136,0.010339,Disrupted,CYS (pKa=8.3),3,False,4
1CDO,1CDO_ZN_376_B,CYS,46,B,2.447999954223633,8.3,3,Canonical default (Lehninger),0.0,0.0,4e-06,0.001493,0.010339,0.105897,0.69136,0.010339,Disrupted,CYS (pKa=8.3),3,False,4
1CDO,1CDO_ZN_377_B,CYS,101,B,2.4100000858306885,5.5,2,PROPKA (computational),0.0,0.0,0.0,0.0,2e-06,3.8e-05,0.002682,2e-06,Disrupted,CYS (pKa=11.24),2,False,4
1CDO,1CDO_ZN_377_B,CYS,104,B,2.2130000591278076,11.24,2,PROPKA (computational),0.0,0.0,0.0,0.0,2e-06,3.8e-05,0.002682,2e-06,Disrupted,CYS (pKa=11.24),2,False,4
1CDO,1CDO_ZN_377_B,CYS,98,B,2.444000005722046,7.47,2,PROPKA (computational),0.0,0.0,0.0,0.0,2e-06,3.8e-05,0.002682,2e-06,Disrupted,CYS (pKa=11.24),2,False,4
1CDO,1CDO_ZN_377_B,CYS,112,B,2.2920000553131104,9.03,2,PROPKA (computational),0.0,0.0,0.0,0.0,2e-06,3.8e-05,0.002682,2e-06,Disrupted,CYS (pKa=11.24),2,False,4
1ZNF,1ZNF_ZN_27_A,CYS,6,A,2.306999921798706,8.82,2,PROPKA (computational),0.0,1e-06,0.000293,0.010906,0.031991,0.126862,0.599987,0.031991,Disrupted,CYS (pKa=8.82),2,False,4
1ZNF,1ZNF_ZN_27_A,HIS,23,A,1.9880000352859497,5.09,2,PROPKA (computational),0.0,1e-06,0.000293,0.010906,0.031991,0.126862,0.599987,0.031991,Disrupted,CYS (pKa=8.82),2,False,4
1ZNF,1ZNF_ZN_27_A,HIS,19,A,1.9500000476837158,4.45,2,PROPKA (computational),0.0,1e-06,0.000293,0.010906,0.031991,0.126862,0.599987,0.031991,Disrupted,CYS (pKa=8.82),2,False,4
1ZNF,1ZNF_ZN_27_A,CYS,3,A,2.2899999618530273,6.54,2,PROPKA (computational),0.0,1e-06,0.000293,0.010906,0.031991,0.126862,0.599987,0.031991,Disrupted,CYS (pKa=8.82),2,False,4
2HF8,2HF8_ZN_401_A,CYS,95,A,2.382999897003174,8.3,3,Canonical default (Lehninger),0.0,0.0,0.0,6.7e-05,0.001122,0.035052,0.575839,0.001122,Disrupted,CYS (pKa=8.3),3,False,5
2HF8,2HF8_ZN_401_A,HIS,96,A,4.791999816894531,6.79,2,PROPKA (computational),0.0,0.0,0.0,6.7e-05,0.001122,0.035052,0.575839,0.001122,Disrupted,CYS (pKa=8.3),3,False,5
2HF8,2HF8_ZN_401_A,CYS,127,B,4.6570000648498535,8.3,3,Canonical default (Lehninger),0.0,0.0,0.0,6.7e-05,0.001122,0.035052,0.575839,0.001122,Disrupted,CYS (pKa=8.3),3,False,5
2HF8,2HF8_ZN_401_A,CYS,127,A,2.191999912261963,8.3,3,Canonical default (Lehninger),0.0,0.0,0.0,6.7e-05,0.001122,0.035052,0.575839,0.001122,Disrupted,CYS (pKa=8.3),3,False,5
2HF8,2HF8_ZN_401_A,CYS,95,B,2.203000068664551,2.37,2,PROPKA (computational),0.0,0.0,0.0,6.7e-05,0.001122,0.035052,0.575839,0.001122,Disrupted,CYS (pKa=8.3),3,False,5
2HF8,2HF8_ZN_403_A,HIS,104,A,1.8309999704360962,6.65,2,PROPKA (computational),7.7e-05,0.005735,0.142702,0.672288,0.8396,0.954551,0.995273,0.8396,High stability,HIS (pKa=6.65),2,True,2
2HF8,2HF8_ZN_403_A,HIS,100,A,2.3369998931884766,5.45,2,PROPKA (computational),7.7e-05,0.005735,0.142702,0.672288,0.8396,0.954551,0.995273,0.8396,High stability,HIS (pKa=6.65),2,True,2
2HF8,2HF8_ZN_402_B,CYS,127,B,2.3310000896453857,8.3,3,Canonical default (Lehninger),0.0,0.0,1.9e-05,0.002213,0.01236,0.11114,0.694791,0.01236,Disrupted,CYS (pKa=8.3),3,False,5
2HF8,2HF8_ZN_402_B,CYS,95,A,4.333000183105469,8.3,3,Canonical default (Lehninger),0.0,0.0,1.9e-05,0.002213,0.01236,0.11114,0.694791,0.01236,Disrupted,CYS (pKa=8.3),3,False,5
2HF8,2HF8_ZN_402_B,HIS,96,B,2.1989998817443848,5.44,2,PROPKA (computational),0.0,0.0,1.9e-05,0.002213,0.01236,0.11114,0.694791,0.01236,Disrupted,CYS (pKa=8.3),3,False,5
2HF8,2HF8_ZN_402_B,CYS,95,B,2.0989999771118164,2.37,2,PROPKA (computational),0.0,0.0,1.9e-05,0.002213,0.01236,0.11114,0.694791,0.01236,Disrupted,CYS (pKa=8.3),3,False,5
2HF8,2HF8_ZN_402_B,GLU,94,B,4.769999980926514,4.18,2,PROPKA (computational),0.0,0.0,1.9e-05,0.002213,0.01236,0.11114,0.694791,0.01236,Disrupted,CYS (pKa=8.3),3,False,5
2HF8,2HF8_ZN_404_B,HIS,100,B,2.13100004196167,5.42,2,PROPKA (computational),0.000118,0.008634,0.193568,0.744346,0.881223,0.967479,0.996657,0.881223,High stability,HIS (pKa=6.49),2,True,2
2HF8,2HF8_ZN_404_B,HIS,104,B,2.052999973297119,6.49,2,PROPKA (computational),0.000118,0.008634,0.193568,0.744346,0.881223,0.967479,0.996657,0.881223,High stability,HIS (pKa=6.49),2,True,2
3A43,3A43_ZN_701_A,CYS,110,A,2.305000066757202,7.92,2,PROPKA (computational),0.0,0.0,0.0,0.0,0.0,3e-06,0.000407,0.0,Disrupted,CYS (pKa=11.68),2,False,4
3A43,3A43_ZN_701_A,CYS,113,A,2.1649999618530273,11.68,2,PROPKA (computational),0.0,0.0,0.0,0.0,0.0,3e-06,0.000407,0.0,Disrupted,CYS (pKa=11.68),2,False,4
3A43,3A43_ZN_701_A,CYS,76,A,2.2880001068115234,9.57,2,PROPKA (computational),0.0,0.0,0.0,0.0,0.0,3e-06,0.000407,0.0,Disrupted,CYS (pKa=11.68),2,False,4
3A43,3A43_ZN_701_A,CYS,73,A,2.3359999656677246,6.35,2,PROPKA (computational),0.0,0.0,0.0,0.0,0.0,3e-06,0.000407,0.0,Disrupted,CYS (pKa=11.68),2,False,4
3A43,3A43_ZN_702_B,CYS,73,B,2.322999954223633,11.14,2,PROPKA (computational),0.0,0.0,0.0,0.0,1e-06,1.9e-05,0.001778,1e-06,Disrupted,CYS (pKa=11.14),2,False,4
3A43,3A43_ZN_702_B,CYS,110,B,2.2929999828338623,7.37,2,PROPKA (computational),0.0,0.0,0.0,0.0,1e-06,1.9e-05,0.001778,1e-06,Disrupted,CYS (pKa=11.14),2,False,4
3A43,3A43_ZN_702_B,CYS,113,B,2.2890000343322754,5.7,2,PROPKA (computational),0.0,0.0,0.0,0.0,1e-06,1.9e-05,0.001778,1e-06,Disrupted,CYS (pKa=11.14),2,False,4
3A43,3A43_ZN_702_B,CYS,76,B,2.3970000743865967,9.47,2,PROPKA (computational),0.0,0.0,0.0,0.0,1e-06,1.9e-05,0.001778,1e-06,Disrupted,CYS (pKa=11.14),2,False,4
3CPA,3CPA_ZN_308_A,HIS,69,A,2.0999999046325684,3.05,2,PROPKA (computational),0.397878,0.878296,0.986457,0.99863,0.999454,0.999863,0.999986,0.999454,High stability,GLU (pKa=4.1),3,False,3
3CPA,3CPA_ZN_308_A,GLU,72,A,2.236999988555908,4.1,3,Canonical default (Lehninger),0.397878,0.878296,0.986457,0.99863,0.999454,0.999863,0.999986,0.999454,High stability,GLU (pKa=4.1),3,False,3
3CPA,3CPA_ZN_308_A,HIS,196,A,2.0869998931884766,0.58,2,PROPKA (computational),0.397878,0.878296,0.986457,0.99863,0.999454,0.999863,0.999986,0.999454,High stability,GLU (pKa=4.1),3,False,3
4MT2,4MT2_ZN_67_A,CYS,21,A,4.945000171661377,8.52,2,PROPKA (computational),0.0,0.0,0.0,0.0,0.0,0.0,1e-06,0.0,Disrupted,CYS (pKa=12.55),2,False,7
4MT2,4MT2_ZN_67_A,CYS,19,A,2.2960000038146973,5.67,2,PROPKA (computational),0.0,0.0,0.0,0.0,0.0,0.0,1e-06,0.0,Disrupted,CYS (pKa=12.55),2,False,7
4MT2,4MT2_ZN_67_A,CYS,29,A,2.4049999713897705,10.02,2,PROPKA (computational),0.0,0.0,0.0,0.0,0.0,0.0,1e-06,0.0,Disrupted,CYS (pKa=12.55),2,False,7
4MT2,4MT2_ZN_67_A,CYS,15,A,2.4760000705718994,4.98,2,PROPKA (computational),0.0,0.0,0.0,0.0,0.0,0.0,1e-06,0.0,Disrupted,CYS (pKa=12.55),2,False,7
4MT2,4MT2_ZN_67_A,CYS,24,A,2.4089999198913574,4.66,2,PROPKA (computational),0.0,0.0,0.0,0.0,0.0,0.0,1e-06,0.0,Disrupted,CYS (pKa=12.55),2,False,7
4MT2,4MT2_ZN_67_A,CYS,26,A,4.999000072479248,10.47,2,PROPKA (computational),0.0,0.0,0.0,0.0,0.0,0.0,1e-06,0.0,Disrupted,CYS (pKa=12.55),2,False,7
4MT2,4MT2_ZN_67_A,CYS,7,A,4.61299991607666,12.55,2,PROPKA (computational),0.0,0.0,0.0,0.0,0.0,0.0,1e-06,0.0,Disrupted,CYS (pKa=12.55),2,False,7
4MT2,4MT2_ZN_68_A,CYS,15,A,2.36899995803833,4.98,2,PROPKA (computational),0.0,0.0,0.0,0.0,0.0,0.0,9e-06,0.0,Disrupted,CYS (pKa=12.55),2,False,5
4MT2,4MT2_ZN_68_A,CYS,13,A,2.368000030517578,7.76,2,PROPKA (computational),0.0,0.0,0.0,0.0,0.0,0.0,9e-06,0.0,Disrupted,CYS (pKa=12.55),2,False,5
4MT2,4MT2_ZN_68_A,CYS,24,A,3.9049999713897705,4.66,2,PROPKA (computational),0.0,0.0,0.0,0.0,0.0,0.0,9e-06,0.0,Disrupted,CYS (pKa=12.55),2,False,5
4MT2,4MT2_ZN_68_A,CYS,26,A,2.369999885559082,10.47,2,PROPKA (computational),0.0,0.0,0.0,0.0,0.0,0.0,9e-06,0.0,Disrupted,CYS (pKa=12.55),2,False,5
4MT2,4MT2_ZN_68_A,CYS,7,A,2.328000068664551,12.55,2,PROPKA (computational),0.0,0.0,0.0,0.0,0.0,0.0,9e-06,0.0,Disrupted,CYS (pKa=12.55),2,False,5
4TLN,4TLN_ZN_321_A,HIS,146,A,1.9919999837875366,6.0,3,Canonical default (Lehninger),1.5e-05,0.005608,0.226395,0.813192,0.918655,0.978587,0.997827,0.918655,High stability,HIS (pKa=6.06),3,True,5
4TLN,4TLN_ZN_321_A,GLU,143,A,4.461999893188477,2.27,2,PROPKA (computational),1.5e-05,0.005608,0.226395,0.813192,0.918655,0.978587,0.997827,0.918655,High stability,HIS (pKa=6.06),3,True,5
4TLN,4TLN_ZN_321_A,HIS,142,A,2.265000104904175,6.06,2,PROPKA (computational),1.5e-05,0.005608,0.226395,0.813192,0.918655,0.978587,0.997827,0.918655,High stability,HIS (pKa=6.06),3,True,5
4TLN,4TLN_ZN_321_A,HIS,231,A,4.353000164031982,4.18,2,PROPKA (computational),1.5e-05,0.005608,0.226395,0.813192,0.918655,0.978587,0.997827,0.918655,High stability,HIS (pKa=6.06),3,True,5
4TLN,4TLN_ZN_321_A,GLU,166,A,1.9769999980926514,4.1,3,Canonical default (Lehninger),1.5e-05,0.005608,0.226395,0.813192,0.918655,0.978587,0.997827,0.918655,High stability,HIS (pKa=6.06),3,True,5
